<?xml version='1.0' encoding='UTF-8'?>
<system creation-date="2026-02-03 00:00:58.578000" desc="" enable="False" id="2D7753EF-CF78-4DEF-9AEF-7437DC2C7BBC" last-modified-date="" name="IRB_120_3kg_0.58m"><applications><application name="RobotWare" version="6.08.1040"><settings><system-xml path="C:\Users\MyPC\Documents\RobotStudio\Solutions\IspisImena\Systems\IRB_120_3kg_0.58m\system.xml" /><key-id path="C:\Users\MyPC\Documents\RobotStudio\Solutions\IspisImena\Systems\IRB_120_3kg_0.58m\INTERNAL\key.id" /><setting-file path="C:\Users\MyPC\Documents\RobotStudio\Solutions\IspisImena\Systems\IRB_120_3kg_0.58m\INTERNAL\controller.rsf" /></settings></application></applications></system>