<?xml version="1.0" encoding="iso-8859-1"?>
<Version>
  <Major>6</Major>
  <Minor>08</Minor>
  <Build>1040</Build>
  <Revision>01</Revision>
  <SubRevision>00</SubRevision>
  <BuildTag></BuildTag>
  <VersionName>6.08.01.00</VersionName>
  <RobAPICompatibilityRevision>0</RobAPICompatibilityRevision>
  <Title>RobotWare</Title>
  <Type>RobotWare</Type>
  <Description>Controller Software</Description>
  <Date>2019-02-15</Date>
  <MCTimeStamp>#17:25:09/feb 15 2019#</MCTimeStamp>
</Version>